simulation_time,timestamp,point_0_x,point_0_y,point_0_z,point_0_u,point_0_v,point_0_w,point_1_x,point_1_y,point_1_z,point_1_u,point_1_v,point_1_w,point_2_x,point_2_y,point_2_z,point_2_u,point_2_v,point_2_w,point_3_x,point_3_y,point_3_z,point_3_u,point_3_v,point_3_w,point_4_x,point_4_y,point_4_z,point_4_u,point_4_v,point_4_w,point_5_x,point_5_y,point_5_z,point_5_u,point_5_v,point_5_w,point_6_x,point_6_y,point_6_z,point_6_u,point_6_v,point_6_w,point_7_x,point_7_y,point_7_z,point_7_u,point_7_v,point_7_w,point_8_x,point_8_y,point_8_z,point_8_u,point_8_v,point_8_w,point_9_x,point_9_y,point_9_z,point_9_u,point_9_v,point_9_w
0.0,2025-07-23 15:06:40.136694,6.207824493786242,0.26440790221135557,4.318926126000334,-0.18495509,-1.2810807,0.89384246,0.30510237531656753,0.08832092137249208,2.3353992986704113,-0.49907815,-0.53757274,-0.6420167,5.780424049351649,5.527372150700645,2.142283970695082,-0.7337707,-0.44082546,-0.18643111,3.0927677099290913,4.113569755880348,3.1362446271872857,-1.3978972,0.76637506,-0.33518356,2.5465976450991588,2.3806131702986186,1.6073917520960173,0.156562,1.2934083,-0.5540521,1.4386777641749753,0.4280158389066336,5.49153882084355,0.21264207,-1.5607688,-0.43340743,6.012170799607558,5.0861586596981425,1.6564825658343385,-0.80168283,-0.38476327,-0.034676507,0.8546152704129371,2.156361335619346,3.644976991078828,-0.6867752,0.18685746,-0.17076072,4.965338653394756,1.4958461869020225,0.2814387128017337,-0.3326228,-0.29635042,0.0033103228,0.6884923035137414,3.014600650425996,3.801164052824543,-0.73273057,-0.16718453,0.05278941
0.1,2025-07-23 15:06:40.839886,6.207824493786242,0.26440790221135557,4.318926126000334,-0.08616924,-1.4757454,0.88626385,0.30510237531656753,0.08832092137249208,2.3353992986704113,-0.70672685,-0.625427,-0.5208422,5.780424049351649,5.527372150700645,2.142283970695082,-0.89186835,-0.53012127,-0.09726633,3.0927677099290913,4.113569755880348,3.1362446271872857,-1.2661891,0.99636734,-0.700333,2.5465976450991588,2.3806131702986186,1.6073917520960173,-0.38604817,1.4835663,-0.4822272,1.4386777641749753,0.4280158389066336,5.49153882084355,0.5045155,-2.2064626,-0.6713884,6.012170799607558,5.0861586596981425,1.6564825658343385,-0.87390137,-0.28320616,-0.06470955,0.8546152704129371,2.156361335619346,3.644976991078828,-0.35837638,0.47122094,0.09766576,4.965338653394756,1.4958461869020225,0.2814387128017337,-0.19626823,-0.013558447,-0.35812792,0.6884923035137414,3.014600650425996,3.801164052824543,-0.7128267,-0.37687218,0.40340337
0.2,2025-07-23 15:06:41.644425,6.207824493786242,0.26440790221135557,4.318926126000334,-0.5130177,-1.0569836,0.7044937,0.30510237531656753,0.08832092137249208,2.3353992986704113,-0.3757187,-0.7514429,-0.45526433,5.780424049351649,5.527372150700645,2.142283970695082,-0.7949618,-0.3953884,0.081318736,3.0927677099290913,4.113569755880348,3.1362446271872857,-1.0356915,0.6924999,-1.0072161,2.5465976450991588,2.3806131702986186,1.6073917520960173,-0.05675322,1.5126756,-0.83701706,1.4386777641749753,0.4280158389066336,5.49153882084355,0.0814774,-1.8588313,-0.61423004,6.012170799607558,5.0861586596981425,1.6564825658343385,-0.9341855,-0.12891632,0.02796249,0.8546152704129371,2.156361335619346,3.644976991078828,-0.2848604,0.24922174,0.24445157,4.965338653394756,1.4958461869020225,0.2814387128017337,-0.31852916,0.060949065,-0.32493258,0.6884923035137414,3.014600650425996,3.801164052824543,-0.72845316,-0.07438761,0.15150908
0.30000000000000004,2025-07-23 15:06:42.315007,6.207824493786242,0.26440790221135557,4.318926126000334,0.48978275,-0.3553998,0.8180759,0.30510237531656753,0.08832092137249208,2.3353992986704113,0.13207436,-0.8172615,0.0560444,5.780424049351649,5.527372150700645,2.142283970695082,-0.58205646,-0.5414014,0.36391363,3.0927677099290913,4.113569755880348,3.1362446271872857,-0.69827145,0.82927024,-1.3176701,2.5465976450991588,2.3806131702986186,1.6073917520960173,-0.09362286,1.565958,-0.40792602,1.4386777641749753,0.4280158389066336,5.49153882084355,0.41807586,-1.8193276,-0.3524367,6.012170799607558,5.0861586596981425,1.6564825658343385,-0.8499554,-0.33144146,-0.057023525,0.8546152704129371,2.156361335619346,3.644976991078828,-0.38941664,0.24045983,0.09183615,4.965338653394756,1.4958461869020225,0.2814387128017337,-0.49293113,-0.24881704,-0.49365872,0.6884923035137414,3.014600650425996,3.801164052824543,-0.79361,0.06208706,-0.010404609
0.4,2025-07-23 15:06:42.979128,6.207824493786242,0.26440790221135557,4.318926126000334,0.78404015,-0.59036785,0.79481363,0.30510237531656753,0.08832092137249208,2.3353992986704113,-0.16724086,-0.9448608,-0.14505956,5.780424049351649,5.527372150700645,2.142283970695082,-0.663515,-0.6631961,0.3989262,3.0927677099290913,4.113569755880348,3.1362446271872857,-1.3883278,0.7318027,-0.5990509,2.5465976450991588,2.3806131702986186,1.6073917520960173,-0.16271442,1.2854419,-0.7054553,1.4386777641749753,0.4280158389066336,5.49153882084355,0.0019994974,-1.2369598,-0.5559772,6.012170799607558,5.0861586596981425,1.6564825658343385,-1.7110548,0.014145613,0.4040921,0.8546152704129371,2.156361335619346,3.644976991078828,-0.7126643,0.43483,0.2573117,4.965338653394756,1.4958461869020225,0.2814387128017337,-0.395742,-0.25608218,-0.4215307,0.6884923035137414,3.014600650425996,3.801164052824543,-1.0316584,0.2030952,-0.14023593
0.5,2025-07-23 15:06:43.607916,6.207824493786242,0.26440790221135557,4.318926126000334,0.8504909,-1.1870353,0.3028377,0.30510237531656753,0.08832092137249208,2.3353992986704113,0.43563038,-0.7707253,-0.08946292,5.780424049351649,5.527372150700645,2.142283970695082,-0.40036523,0.11682178,0.61280054,3.0927677099290913,4.113569755880348,3.1362446271872857,-1.0128444,0.8234736,-0.3025483,2.5465976450991588,2.3806131702986186,1.6073917520960173,-0.14089948,1.0683191,-0.5805533,1.4386777641749753,0.4280158389066336,5.49153882084355,-0.075329304,-1.081114,-0.30503768,6.012170799607558,5.0861586596981425,1.6564825658343385,-1.6152089,-0.5491375,0.572384,0.8546152704129371,2.156361335619346,3.644976991078828,-0.545377,0.6081407,0.43860024,4.965338653394756,1.4958461869020225,0.2814387128017337,-0.47619116,-0.38669798,-0.282582,0.6884923035137414,3.014600650425996,3.801164052824543,-0.9418273,-0.07956743,-0.12051684
0.6000000000000001,2025-07-23 15:06:44.241149,6.207824493786242,0.26440790221135557,4.318926126000334,0.4910396,-1.0626147,1.0124266,0.30510237531656753,0.08832092137249208,2.3353992986704113,0.08726275,-0.92357755,-0.16038173,5.780424049351649,5.527372150700645,2.142283970695082,-0.36750498,-0.68349576,0.8718071,3.0927677099290913,4.113569755880348,3.1362446271872857,-1.137147,0.2531914,-0.51831263,2.5465976450991588,2.3806131702986186,1.6073917520960173,-0.6970125,1.1039304,-0.6484989,1.4386777641749753,0.4280158389066336,5.49153882084355,0.25554544,-1.9954684,-0.47741744,6.012170799607558,5.0861586596981425,1.6564825658343385,-1.4474205,-0.3291811,0.25468105,0.8546152704129371,2.156361335619346,3.644976991078828,-0.34017295,0.62912506,0.625479,4.965338653394756,1.4958461869020225,0.2814387128017337,-0.3854701,-0.16466126,-0.15220591,0.6884923035137414,3.014600650425996,3.801164052824543,-0.77766806,0.20095772,-0.017869964
0.7000000000000001,2025-07-23 15:06:45.232790,6.207824493786242,0.26440790221135557,4.318926126000334,0.38302732,-0.9513155,0.6811931,0.30510237531656753,0.08832092137249208,2.3353992986704113,-0.16391051,-0.8895542,0.20049195,5.780424049351649,5.527372150700645,2.142283970695082,-0.05005178,0.13408092,1.0267855,3.0927677099290913,4.113569755880348,3.1362446271872857,-0.9215744,0.40204883,-0.63252765,2.5465976450991588,2.3806131702986186,1.6073917520960173,-0.007944569,1.0125346,-0.6440413,1.4386777641749753,0.4280158389066336,5.49153882084355,0.10513744,-1.4164698,-0.84165263,6.012170799607558,5.0861586596981425,1.6564825658343385,-1.6278424,-0.075051874,-0.08568317,0.8546152704129371,2.156361335619346,3.644976991078828,-0.49349493,0.5065491,0.65628695,4.965338653394756,1.4958461869020225,0.2814387128017337,-0.2737014,-0.08790764,-0.17228577,0.6884923035137414,3.014600650425996,3.801164052824543,-1.0944006,-0.10591912,-0.22831573
0.8,2025-07-23 15:06:45.913129,6.207824493786242,0.26440790221135557,4.318926126000334,0.3294588,-0.7593685,0.7220398,0.30510237531656753,0.08832092137249208,2.3353992986704113,-0.5085333,-0.61118484,0.25683212,5.780424049351649,5.527372150700645,2.142283970695082,-0.13560714,-0.5181791,0.23769663,3.0927677099290913,4.113569755880348,3.1362446271872857,-1.0743026,0.77576464,-0.98672485,2.5465976450991588,2.3806131702986186,1.6073917520960173,0.13530491,1.3632743,-0.45022017,1.4386777641749753,0.4280158389066336,5.49153882084355,0.26996455,-1.6531076,-0.54010254,6.012170799607558,5.0861586596981425,1.6564825658343385,-1.8161138,-0.58528286,-0.37765062,0.8546152704129371,2.156361335619346,3.644976991078828,-0.48316896,0.5224518,0.6555843,4.965338653394756,1.4958461869020225,0.2814387128017337,-0.18782794,0.10237998,0.016566992,0.6884923035137414,3.014600650425996,3.801164052824543,-1.2447023,-0.069554806,0.06965677
0.9,2025-07-23 15:06:46.594911,6.207824493786242,0.26440790221135557,4.318926126000334,0.37585834,-0.696165,1.1363451,0.30510237531656753,0.08832092137249208,2.3353992986704113,-0.5807427,-0.66717803,0.08082667,5.780424049351649,5.527372150700645,2.142283970695082,0.1037382,-0.37095612,0.7117129,3.0927677099290913,4.113569755880348,3.1362446271872857,-0.92153156,0.8317346,-0.7827467,2.5465976450991588,2.3806131702986186,1.6073917520960173,-0.10921785,1.5503571,-0.30226701,1.4386777641749753,0.4280158389066336,5.49153882084355,0.5976712,-1.5390279,-0.40980962,6.012170799607558,5.0861586596981425,1.6564825658343385,-0.18692765,-1.4649624,0.06415158,0.8546152704129371,2.156361335619346,3.644976991078828,-0.72958755,0.43449283,0.8795897,4.965338653394756,1.4958461869020225,0.2814387128017337,-0.11935725,-0.0017296299,0.07370472,0.6884923035137414,3.014600650425996,3.801164052824543,-1.246925,-0.04907167,0.14024411
1.0,2025-07-23 15:06:47.235979,6.207824493786242,0.26440790221135557,4.318926126000334,0.7090483,-0.8842515,0.83393973,0.30510237531656753,0.08832092137249208,2.3353992986704113,-0.32633752,-0.38475537,-0.27107704,5.780424049351649,5.527372150700645,2.142283970695082,0.11152527,-0.41243607,0.630126,3.0927677099290913,4.113569755880348,3.1362446271872857,-0.8805922,0.80030876,-0.792799,2.5465976450991588,2.3806131702986186,1.6073917520960173,-0.35703632,0.99270356,-0.340994,1.4386777641749753,0.4280158389066336,5.49153882084355,1.156882,-1.623612,-0.08715075,6.012170799607558,5.0861586596981425,1.6564825658343385,-0.33501422,-0.98206383,0.4588492,0.8546152704129371,2.156361335619346,3.644976991078828,-0.38803697,0.7303412,1.1469709,4.965338653394756,1.4958461869020225,0.2814387128017337,-0.043405652,-0.00629507,0.10094464,0.6884923035137414,3.014600650425996,3.801164052824543,-1.666134,-0.40144062,-0.19800141
1.1,2025-07-23 15:06:47.836586,6.207824493786242,0.26440790221135557,4.318926126000334,0.69991624,-1.114608,0.77915597,0.30510237531656753,0.08832092137249208,2.3353992986704113,-0.08981601,-0.20032221,-0.13547997,5.780424049351649,5.527372150700645,2.142283970695082,0.04200046,-0.2947588,0.577014,3.0927677099290913,4.113569755880348,3.1362446271872857,-0.9846375,0.6945176,-0.7869462,2.5465976450991588,2.3806131702986186,1.6073917520960173,-0.086221814,1.4919149,0.007688716,1.4386777641749753,0.4280158389066336,5.49153882084355,0.5246764,-1.5094795,-0.5008725,6.012170799607558,5.0861586596981425,1.6564825658343385,-0.65372074,-0.5988137,0.50003946,0.8546152704129371,2.156361335619346,3.644976991078828,-0.41183558,0.53807986,0.6878464,4.965338653394756,1.4958461869020225,0.2814387128017337,0.11881605,0.101720765,0.21296464,0.6884923035137414,3.014600650425996,3.801164052824543,-1.7239404,0.31810904,-0.19419032
1.2000000000000002,2025-07-23 15:06:48.437300,6.207824493786242,0.26440790221135557,4.318926126000334,0.757824,-0.93992764,0.65112334,0.30510237531656753,0.08832092137249208,2.3353992986704113,0.08374049,-0.12646872,-0.124402106,5.780424049351649,5.527372150700645,2.142283970695082,-0.17511593,-0.30609205,1.0113974,3.0927677099290913,4.113569755880348,3.1362446271872857,-1.3123262,1.1150686,-0.60600626,2.5465976450991588,2.3806131702986186,1.6073917520960173,-0.7698396,1.2739482,0.04064718,1.4386777641749753,0.4280158389066336,5.49153882084355,1.0065296,-1.2210422,-0.1534543,6.012170799607558,5.0861586596981425,1.6564825658343385,-0.8372276,-0.31407738,0.5624033,0.8546152704129371,2.156361335619346,3.644976991078828,-0.6032017,0.07228482,0.6719536,4.965338653394756,1.4958461869020225,0.2814387128017337,-0.10397804,0.40146425,0.44273695,0.6884923035137414,3.014600650425996,3.801164052824543,-0.9389547,0.3533029,0.40012872
1.3,2025-07-23 15:06:49.062033,6.207824493786242,0.26440790221135557,4.318926126000334,1.0759408,-0.53043294,0.3191132,0.30510237531656753,0.08832092137249208,2.3353992986704113,0.1512294,-0.31056422,-0.32558405,5.780424049351649,5.527372150700645,2.142283970695082,-0.09641002,-0.06267691,0.5951168,3.0927677099290913,4.113569755880348,3.1362446271872857,-1.090308,0.83689624,-0.59715307,2.5465976450991588,2.3806131702986186,1.6073917520960173,-0.47246528,1.3156477,0.2684608,1.4386777641749753,0.4280158389066336,5.49153882084355,0.9258026,-0.838468,-0.2730402,6.012170799607558,5.0861586596981425,1.6564825658343385,-0.84202546,-0.81550866,0.582409,0.8546152704129371,2.156361335619346,3.644976991078828,-0.6133511,0.10203835,0.46772715,4.965338653394756,1.4958461869020225,0.2814387128017337,-0.36800447,0.44030517,0.685201,0.6884923035137414,3.014600650425996,3.801164052824543,-0.72414553,0.29876113,0.36585528
1.4000000000000001,2025-07-23 15:06:49.720227,6.207824493786242,0.26440790221135557,4.318926126000334,0.9522521,-0.6648348,0.21881507,0.30510237531656753,0.08832092137249208,2.3353992986704113,0.22894584,-0.16092294,-0.29065835,5.780424049351649,5.527372150700645,2.142283970695082,0.013995074,-0.40186393,0.57033753,3.0927677099290913,4.113569755880348,3.1362446271872857,-1.3660138,0.9238707,-0.5845957,2.5465976450991588,2.3806131702986186,1.6073917520960173,-0.20463943,1.4112403,0.21878432,1.4386777641749753,0.4280158389066336,5.49153882084355,1.0735372,-0.6716597,-0.25039515,6.012170799607558,5.0861586596981425,1.6564825658343385,-0.7821877,-0.31348675,0.3989209,0.8546152704129371,2.156361335619346,3.644976991078828,-1.2098998,-0.13621113,0.12512687,4.965338653394756,1.4958461869020225,0.2814387128017337,-0.46861488,0.5697347,0.70552444,0.6884923035137414,3.014600650425996,3.801164052824543,-0.811592,0.3556826,0.29929152
1.5,2025-07-23 15:06:50.397161,6.207824493786242,0.26440790221135557,4.318926126000334,0.87293726,-0.45980316,0.3173483,0.30510237531656753,0.08832092137249208,2.3353992986704113,-0.12496644,-0.06105423,-0.02625662,5.780424049351649,5.527372150700645,2.142283970695082,-0.53943217,0.09551185,0.8089015,3.0927677099290913,4.113569755880348,3.1362446271872857,-1.2498837,0.75180626,-1.1956781,2.5465976450991588,2.3806131702986186,1.6073917520960173,-0.42457592,1.8282665,0.35504296,1.4386777641749753,0.4280158389066336,5.49153882084355,0.8786204,-1.0740476,-0.67972493,6.012170799607558,5.0861586596981425,1.6564825658343385,-0.11445317,-0.44191396,0.29410666,0.8546152704129371,2.156361335619346,3.644976991078828,-0.9120822,-0.06983618,-0.008261502,4.965338653394756,1.4958461869020225,0.2814387128017337,0.09556389,0.70578253,0.36317843,0.6884923035137414,3.014600650425996,3.801164052824543,-0.594509,0.31654674,-0.012681603
1.6,2025-07-23 15:06:51.067596,6.207824493786242,0.26440790221135557,4.318926126000334,1.0024548,-0.4988332,0.19002092,0.30510237531656753,0.08832092137249208,2.3353992986704113,-0.14730811,0.057609737,0.036086053,5.780424049351649,5.527372150700645,2.142283970695082,-0.6292988,0.16110456,0.89057994,3.0927677099290913,4.113569755880348,3.1362446271872857,-1.0024209,0.89788383,-0.9299145,2.5465976450991588,2.3806131702986186,1.6073917520960173,-0.21394457,1.6754762,0.11152381,1.4386777641749753,0.4280158389066336,5.49153882084355,1.1537335,-0.98591185,-0.18093514,6.012170799607558,5.0861586596981425,1.6564825658343385,-0.3492552,-0.21951956,0.58166647,0.8546152704129371,2.156361335619346,3.644976991078828,-0.84439063,-0.16082811,0.37337703,4.965338653394756,1.4958461869020225,0.2814387128017337,-0.4559949,0.4427356,0.3787127,0.6884923035137414,3.014600650425996,3.801164052824543,-0.68313766,0.2374799,0.03995943
1.7000000000000002,2025-07-23 15:06:51.695416,6.207824493786242,0.26440790221135557,4.318926126000334,0.8561619,-0.48236358,-0.084932625,0.30510237531656753,0.08832092137249208,2.3353992986704113,-0.009768009,0.07638097,-0.026838772,5.780424049351649,5.527372150700645,2.142283970695082,-0.4440676,0.04439354,1.1430722,3.0927677099290913,4.113569755880348,3.1362446271872857,-0.86042655,0.65082455,-0.6330944,2.5465976450991588,2.3806131702986186,1.6073917520960173,-0.5936841,1.9481994,0.0818094,1.4386777641749753,0.4280158389066336,5.49153882084355,0.98589957,-0.7264392,-0.18796375,6.012170799607558,5.0861586596981425,1.6564825658343385,-0.20541635,-0.11942911,0.672655,0.8546152704129371,2.156361335619346,3.644976991078828,-0.75433946,-0.008189663,0.18015534,4.965338653394756,1.4958461869020225,0.2814387128017337,-0.57073915,0.36556238,0.2414248,0.6884923035137414,3.014600650425996,3.801164052824543,-0.9257308,0.11008042,0.13073239
1.8,2025-07-23 15:06:52.305676,6.207824493786242,0.26440790221135557,4.318926126000334,0.8521774,-0.43201733,-0.041018844,0.30510237531656753,0.08832092137249208,2.3353992986704113,0.3707246,-0.10538036,0.07901317,5.780424049351649,5.527372150700645,2.142283970695082,-0.08685295,-0.6382528,0.831828,3.0927677099290913,4.113569755880348,3.1362446271872857,-0.60656065,0.5412049,-0.92304945,2.5465976450991588,2.3806131702986186,1.6073917520960173,-0.39724118,1.6727066,0.43300298,1.4386777641749753,0.4280158389066336,5.49153882084355,0.93972015,-0.9326143,-0.5958278,6.012170799607558,5.0861586596981425,1.6564825658343385,-0.25411052,-0.58330256,0.7712542,0.8546152704129371,2.156361335619346,3.644976991078828,-0.27052838,0.305044,0.5444432,4.965338653394756,1.4958461869020225,0.2814387128017337,-0.38216752,0.23704821,0.11546078,0.6884923035137414,3.014600650425996,3.801164052824543,-1.0885983,-0.17751956,0.4138795
1.9000000000000001,2025-07-23 15:06:52.915497,6.207824493786242,0.26440790221135557,4.318926126000334,0.59469247,-0.55498195,0.26575333,0.30510237531656753,0.08832092137249208,2.3353992986704113,0.37749216,0.8035556,0.33964595,5.780424049351649,5.527372150700645,2.142283970695082,-0.14127783,-1.1788203,0.30981478,3.0927677099290913,4.113569755880348,3.1362446271872857,-1.0035758,0.20790103,-1.0556442,2.5465976450991588,2.3806131702986186,1.6073917520960173,-0.8137197,1.6000028,0.25351858,1.4386777641749753,0.4280158389066336,5.49153882084355,0.23417369,-1.1133695,-0.6401037,6.012170799607558,5.0861586596981425,1.6564825658343385,-0.23739982,-0.51562434,0.8012788,0.8546152704129371,2.156361335619346,3.644976991078828,-0.15628706,0.24650593,0.750804,4.965338653394756,1.4958461869020225,0.2814387128017337,-0.23221368,0.32191128,-0.052890778,0.6884923035137414,3.014600650425996,3.801164052824543,-0.7031809,-0.010879636,0.46398568
2.0,2025-07-23 15:06:53.607990,6.207824493786242,0.26440790221135557,4.318926126000334,0.72308594,-0.8264332,0.3635496,0.30510237531656753,0.08832092137249208,2.3353992986704113,0.004337907,0.3061366,0.42972672,5.780424049351649,5.527372150700645,2.142283970695082,0.1702806,-0.5575816,0.9295968,3.0927677099290913,4.113569755880348,3.1362446271872857,-0.38090664,0.16370709,-1.1743586,2.5465976450991588,2.3806131702986186,1.6073917520960173,-0.9916824,1.3265103,0.17923865,1.4386777641749753,0.4280158389066336,5.49153882084355,0.6042917,-0.7843183,-0.49914235,6.012170799607558,5.0861586596981425,1.6564825658343385,-0.24050602,-0.4339279,0.63647324,0.8546152704129371,2.156361335619346,3.644976991078828,-0.31844363,0.582623,0.8672757,4.965338653394756,1.4958461869020225,0.2814387128017337,-0.3142708,0.39647365,-0.18099591,0.6884923035137414,3.014600650425996,3.801164052824543,-0.27656054,0.056524426,0.37245888
2.1,2025-07-23 15:06:54.206702,6.207824493786242,0.26440790221135557,4.318926126000334,-0.13982278,-0.89537793,0.8889151,0.30510237531656753,0.08832092137249208,2.3353992986704113,-0.20290326,0.34907073,-0.081162095,5.780424049351649,5.527372150700645,2.142283970695082,0.38559687,-0.105900675,1.0705168,3.0927677099290913,4.113569755880348,3.1362446271872857,-0.14650518,0.20125753,-1.1591723,2.5465976450991588,2.3806131702986186,1.6073917520960173,-0.92545116,1.4324391,0.03394437,1.4386777641749753,0.4280158389066336,5.49153882084355,1.0857382,-0.4273153,-0.58354795,6.012170799607558,5.0861586596981425,1.6564825658343385,-0.28844938,-0.25681525,0.6064365,0.8546152704129371,2.156361335619346,3.644976991078828,-0.42757243,0.20324434,0.84671557,4.965338653394756,1.4958461869020225,0.2814387128017337,0.2776568,0.6843661,-0.4212048,0.6884923035137414,3.014600650425996,3.801164052824543,-0.821,0.08459076,0.001987785
2.2,2025-07-23 15:06:58.357739,6.207824493786242,0.26440790221135557,4.318926126000334,0.38606584,-0.96809334,0.31388035,0.30510237531656753,0.08832092137249208,2.3353992986704113,-0.7060103,-0.48713124,0.008367747,5.780424049351649,5.527372150700645,2.142283970695082,0.6916723,-0.49896142,0.9029164,3.0927677099290913,4.113569755880348,3.1362446271872857,-0.5731707,-0.35720527,-1.5190642,2.5465976450991588,2.3806131702986186,1.6073917520960173,-0.9660188,1.120614,0.5042431,1.4386777641749753,0.4280158389066336,5.49153882084355,0.898082,-0.5242821,-0.6831752,6.012170799607558,5.0861586596981425,1.6564825658343385,-0.36444002,-0.062042654,0.53852046,0.8546152704129371,2.156361335619346,3.644976991078828,-0.3943985,0.065927856,0.6178577,4.965338653394756,1.4958461869020225,0.2814387128017337,0.34834856,0.73973405,-0.77428216,0.6884923035137414,3.014600650425996,3.801164052824543,-0.6405929,0.10573098,0.16893154
2.3000000000000003,2025-07-23 15:06:59.387800,6.207824493786242,0.26440790221135557,4.318926126000334,0.11700143,-1.1129832,0.47270316,0.30510237531656753,0.08832092137249208,2.3353992986704113,-0.80816996,0.7775073,0.4823463,5.780424049351649,5.527372150700645,2.142283970695082,0.6070561,-0.25257546,0.7062002,3.0927677099290913,4.113569755880348,3.1362446271872857,-0.33530277,-0.07813935,-1.408862,2.5465976450991588,2.3806131702986186,1.6073917520960173,-0.33574045,0.76316166,0.41071838,1.4386777641749753,0.4280158389066336,5.49153882084355,1.0016208,-0.26798582,-0.77688646,6.012170799607558,5.0861586596981425,1.6564825658343385,-0.31613308,-0.18210405,0.5392466,0.8546152704129371,2.156361335619346,3.644976991078828,-0.24334571,0.0344032,0.37727422,4.965338653394756,1.4958461869020225,0.2814387128017337,0.53308094,0.50346285,-0.95306146,0.6884923035137414,3.014600650425996,3.801164052824543,-0.27838185,0.06107028,0.04871857
2.4000000000000004,2025-07-23 15:07:00.707956,6.207824493786242,0.26440790221135557,4.318926126000334,0.11992466,-0.91036123,0.4857953,0.30510237531656753,0.08832092137249208,2.3353992986704113,-0.56663084,0.33073312,0.010326415,5.780424049351649,5.527372150700645,2.142283970695082,0.6511841,-0.28324908,0.8678947,3.0927677099290913,4.113569755880348,3.1362446271872857,-0.56725883,0.120281905,-0.7848611,2.5465976450991588,2.3806131702986186,1.6073917520960173,-0.8911671,0.7457823,-0.025449276,1.4386777641749753,0.4280158389066336,5.49153882084355,0.79736793,-1.5322641,0.1963585,6.012170799607558,5.0861586596981425,1.6564825658343385,-0.15954995,-0.29808044,0.57854354,0.8546152704129371,2.156361335619346,3.644976991078828,-0.25835466,-0.024313033,0.37025842,4.965338653394756,1.4958461869020225,0.2814387128017337,0.5537815,0.16778946,-1.0426624,0.6884923035137414,3.014600650425996,3.801164052824543,0.01506868,0.83884573,0.33204708
2.5,2025-07-23 15:07:01.468476,6.207824493786242,0.26440790221135557,4.318926126000334,0.09726868,-0.9483358,0.13853735,0.30510237531656753,0.08832092137249208,2.3353992986704113,-0.76304066,0.4220115,-0.38617826,5.780424049351649,5.527372150700645,2.142283970695082,0.6664843,0.095401585,0.7783468,3.0927677099290913,4.113569755880348,3.1362446271872857,0.074668705,0.17664915,-1.1529148,2.5465976450991588,2.3806131702986186,1.6073917520960173,-1.3159839,0.82702094,0.032094777,1.4386777641749753,0.4280158389066336,5.49153882084355,0.9112523,-1.1978414,0.16491991,6.012170799607558,5.0861586596981425,1.6564825658343385,-0.3650552,-0.06783128,0.34568688,0.8546152704129371,2.156361335619346,3.644976991078828,-0.295653,-0.13741475,0.53689003,4.965338653394756,1.4958461869020225,0.2814387128017337,0.56944233,0.9425709,-0.35092804,0.6884923035137414,3.014600650425996,3.801164052824543,-0.348585,0.91423583,-0.42132425
2.6,2025-07-23 15:07:02.100583,6.207824493786242,0.26440790221135557,4.318926126000334,0.20649165,-0.9742155,0.41751498,0.30510237531656753,0.08832092137249208,2.3353992986704113,-0.61587715,-0.013620794,-0.35333496,5.780424049351649,5.527372150700645,2.142283970695082,0.75438684,-0.009495497,0.7220122,3.0927677099290913,4.113569755880348,3.1362446271872857,0.13511205,0.3033741,-1.176095,2.5465976450991588,2.3806131702986186,1.6073917520960173,-1.1139328,0.7156278,-0.5989178,1.4386777641749753,0.4280158389066336,5.49153882084355,0.112042785,-1.3920566,-0.8118473,6.012170799607558,5.0861586596981425,1.6564825658343385,-0.40012455,0.085495114,0.5049184,0.8546152704129371,2.156361335619346,3.644976991078828,-0.3366541,-0.07246114,0.52143615,4.965338653394756,1.4958461869020225,0.2814387128017337,0.6141076,0.8762245,-0.55733275,0.6884923035137414,3.014600650425996,3.801164052824543,-0.1636324,0.6002889,0.29412985
2.7,2025-07-23 15:07:02.743965,6.207824493786242,0.26440790221135557,4.318926126000334,0.39564052,-0.7611763,0.24351914,0.30510237531656753,0.08832092137249208,2.3353992986704113,-0.7040625,-0.020529032,-0.6587644,5.780424049351649,5.527372150700645,2.142283970695082,0.57902026,-0.17811209,1.1814524,3.0927677099290913,4.113569755880348,3.1362446271872857,-0.517577,-0.20754719,-1.3815048,2.5465976450991588,2.3806131702986186,1.6073917520960173,-1.203025,0.7048817,-0.38463265,1.4386777641749753,0.4280158389066336,5.49153882084355,0.8709139,-0.7679739,-0.43137407,6.012170799607558,5.0861586596981425,1.6564825658343385,-0.47901815,-0.075083256,0.49520934,0.8546152704129371,2.156361335619346,3.644976991078828,-0.48103523,0.07455894,0.46614647,4.965338653394756,1.4958461869020225,0.2814387128017337,0.93621886,0.94134825,-0.16317934,0.6884923035137414,3.014600650425996,3.801164052824543,0.14977872,0.7515172,0.88585114
2.8000000000000003,2025-07-23 15:07:03.443539,6.207824493786242,0.26440790221135557,4.318926126000334,0.34153974,-0.50615084,0.17310774,0.30510237531656753,0.08832092137249208,2.3353992986704113,-0.28241065,0.119404435,-0.38071913,5.780424049351649,5.527372150700645,2.142283970695082,0.7113493,-0.38599122,0.9879736,3.0927677099290913,4.113569755880348,3.1362446271872857,-0.17610866,-0.30274606,-1.4197285,2.5465976450991588,2.3806131702986186,1.6073917520960173,-1.3354642,0.81467146,-0.11387992,1.4386777641749753,0.4280158389066336,5.49153882084355,0.3951588,-0.9636925,-0.00650841,6.012170799607558,5.0861586596981425,1.6564825658343385,-0.32743633,-0.13324201,0.4095493,0.8546152704129371,2.156361335619346,3.644976991078828,-0.52103364,0.017820947,0.41726813,4.965338653394756,1.4958461869020225,0.2814387128017337,0.83961475,0.9686625,-0.3817941,0.6884923035137414,3.014600650425996,3.801164052824543,0.29398802,0.18630579,0.95027727
2.9000000000000004,2025-07-23 15:07:04.057837,6.207824493786242,0.26440790221135557,4.318926126000334,0.2520336,-0.4595877,0.16719094,0.30510237531656753,0.08832092137249208,2.3353992986704113,0.10284199,0.2647581,-0.16735443,5.780424049351649,5.527372150700645,2.142283970695082,0.40490693,-0.5072785,0.79648924,3.0927677099290913,4.113569755880348,3.1362446271872857,-0.16772655,-0.3609143,-1.2352067,2.5465976450991588,2.3806131702986186,1.6073917520960173,-0.8894216,0.9089158,0.012101948,1.4386777641749753,0.4280158389066336,5.49153882084355,0.60341763,-0.5961085,-0.39450622,6.012170799607558,5.0861586596981425,1.6564825658343385,-0.015599698,-0.11481607,0.42740285,0.8546152704129371,2.156361335619346,3.644976991078828,-0.36772498,-0.02551458,0.40762025,4.965338653394756,1.4958461869020225,0.2814387128017337,1.0461416,1.1368817,-0.5540171,0.6884923035137414,3.014600650425996,3.801164052824543,-0.49416417,0.11616273,0.6628068
3.0,2025-07-23 15:07:04.726517,6.207824493786242,0.26440790221135557,4.318926126000334,0.39492968,-0.52484125,0.0828802,0.30510237531656753,0.08832092137249208,2.3353992986704113,0.04279466,0.22518802,-0.26084977,5.780424049351649,5.527372150700645,2.142283970695082,0.43830088,-0.6922739,0.78629565,3.0927677099290913,4.113569755880348,3.1362446271872857,0.24951157,-0.41845912,-1.3263888,2.5465976450991588,2.3806131702986186,1.6073917520960173,-1.125277,1.072731,-0.15353662,1.4386777641749753,0.4280158389066336,5.49153882084355,0.89175785,-1.1816382,-0.37435767,6.012170799607558,5.0861586596981425,1.6564825658343385,0.2202797,-0.039572477,0.3388204,0.8546152704129371,2.156361335619346,3.644976991078828,-0.4884505,-0.0037945062,0.24295546,4.965338653394756,1.4958461869020225,0.2814387128017337,1.1702154,1.3652279,-0.3234261,0.6884923035137414,3.014600650425996,3.801164052824543,0.5057805,0.18312666,0.72713
3.1,2025-07-23 15:07:05.426834,6.207824493786242,0.26440790221135557,4.318926126000334,0.3486631,-0.35417053,0.2544907,0.30510237531656753,0.08832092137249208,2.3353992986704113,0.06265378,0.41405404,-0.17238522,5.780424049351649,5.527372150700645,2.142283970695082,0.5590776,-0.351273,0.79329795,3.0927677099290913,4.113569755880348,3.1362446271872857,0.27862898,-0.5346301,-1.2651174,2.5465976450991588,2.3806131702986186,1.6073917520960173,-1.2001594,1.3525425,-0.010872483,1.4386777641749753,0.4280158389066336,5.49153882084355,1.0221355,-1.0487124,-0.35147306,6.012170799607558,5.0861586596981425,1.6564825658343385,0.18705234,0.1784625,0.11588463,0.8546152704129371,2.156361335619346,3.644976991078828,-0.07421455,-0.24027798,0.027803093,4.965338653394756,1.4958461869020225,0.2814387128017337,1.3441265,0.60237443,0.21600534,0.6884923035137414,3.014600650425996,3.801164052824543,0.3431629,0.43065807,0.46427923
3.2,2025-07-23 15:07:06.135318,6.207824493786242,0.26440790221135557,4.318926126000334,0.34366474,-0.3388999,0.35469425,0.30510237531656753,0.08832092137249208,2.3353992986704113,0.049102128,0.30087906,-0.090375066,5.780424049351649,5.527372150700645,2.142283970695082,0.8246853,0.023976326,1.1280919,3.0927677099290913,4.113569755880348,3.1362446271872857,0.22781336,-0.01549001,-1.1352396,2.5465976450991588,2.3806131702986186,1.6073917520960173,-0.36450332,1.3785076,0.11789128,1.4386777641749753,0.4280158389066336,5.49153882084355,0.44600403,-0.6523413,-0.28947634,6.012170799607558,5.0861586596981425,1.6564825658343385,-0.089532495,0.017601073,-0.15678898,0.8546152704129371,2.156361335619346,3.644976991078828,0.04434192,-0.1595626,0.08325736,4.965338653394756,1.4958461869020225,0.2814387128017337,0.89495707,0.82560265,0.2346994,0.6884923035137414,3.014600650425996,3.801164052824543,0.474536,0.36293602,0.54476273
3.3000000000000003,2025-07-23 15:07:06.795934,6.207824493786242,0.26440790221135557,4.318926126000334,0.28149506,-0.2621679,0.35512078,0.30510237531656753,0.08832092137249208,2.3353992986704113,-0.1996056,0.51819074,-0.21921617,5.780424049351649,5.527372150700645,2.142283970695082,0.6266751,0.14291537,0.79114366,3.0927677099290913,4.113569755880348,3.1362446271872857,-0.4473017,0.10458654,-0.6741313,2.5465976450991588,2.3806131702986186,1.6073917520960173,-0.35877427,1.2910372,-0.39268965,1.4386777641749753,0.4280158389066336,5.49153882084355,-0.13448623,-1.0937884,0.04806578,6.012170799607558,5.0861586596981425,1.6564825658343385,-0.112685576,-0.25073928,-0.106178075,0.8546152704129371,2.156361335619346,3.644976991078828,-0.20907003,-0.08974704,0.09222163,4.965338653394756,1.4958461869020225,0.2814387128017337,0.868116,0.84328187,-0.13241515,0.6884923035137414,3.014600650425996,3.801164052824543,0.6556869,0.3434344,0.5445144
3.4000000000000004,2025-07-23 15:07:09.637327,6.207824493786242,0.26440790221135557,4.318926126000334,0.1747914,-0.35860282,0.43963853,0.30510237531656753,0.08832092137249208,2.3353992986704113,-0.3241678,0.6161272,-0.2254374,5.780424049351649,5.527372150700645,2.142283970695082,0.8518745,0.03117013,0.5115911,3.0927677099290913,4.113569755880348,3.1362446271872857,-0.42116362,-0.2730693,-1.1102042,2.5465976450991588,2.3806131702986186,1.6073917520960173,-0.19100466,1.662946,0.22182763,1.4386777641749753,0.4280158389066336,5.49153882084355,-0.058607608,-0.7694862,-0.56852937,6.012170799607558,5.0861586596981425,1.6564825658343385,0.2160855,-0.40918773,0.24773364,0.8546152704129371,2.156361335619346,3.644976991078828,-0.6601209,0.035501346,-0.085769415,4.965338653394756,1.4958461869020225,0.2814387128017337,0.9056363,0.8834134,-0.0015641302,0.6884923035137414,3.014600650425996,3.801164052824543,0.58179575,0.29807538,0.4334284
3.5,2025-07-23 15:07:10.328422,6.207824493786242,0.26440790221135557,4.318926126000334,0.16017038,-0.23580539,0.64839274,0.30510237531656753,0.08832092137249208,2.3353992986704113,-0.26601288,0.4938947,-0.22120178,5.780424049351649,5.527372150700645,2.142283970695082,0.6650199,0.14614892,0.38396922,3.0927677099290913,4.113569755880348,3.1362446271872857,-0.32837868,-0.6557986,-0.9844987,2.5465976450991588,2.3806131702986186,1.6073917520960173,-0.18921047,1.9220073,-0.008179456,1.4386777641749753,0.4280158389066336,5.49153882084355,0.60069215,-0.8139453,-0.85613984,6.012170799607558,5.0861586596981425,1.6564825658343385,0.76017565,-0.37890077,0.4256002,0.8546152704129371,2.156361335619346,3.644976991078828,-0.8477769,0.10516676,-0.022354841,4.965338653394756,1.4958461869020225,0.2814387128017337,0.75033253,0.7750814,0.0619424,0.6884923035137414,3.014600650425996,3.801164052824543,0.44154832,0.50354624,0.61541766
3.6,2025-07-23 15:07:10.988150,6.207824493786242,0.26440790221135557,4.318926126000334,0.23763943,-0.21505076,0.47797996,0.30510237531656753,0.08832092137249208,2.3353992986704113,-0.4130734,0.7057484,-0.2892144,5.780424049351649,5.527372150700645,2.142283970695082,0.4621306,-0.26955432,0.9278034,3.0927677099290913,4.113569755880348,3.1362446271872857,-0.1951295,-0.718278,-1.0853676,2.5465976450991588,2.3806131702986186,1.6073917520960173,-0.3956212,1.9458638,-0.056111515,1.4386777641749753,0.4280158389066336,5.49153882084355,1.0205244,-0.57133734,-0.88615793,6.012170799607558,5.0861586596981425,1.6564825658343385,0.6389031,-0.8589914,0.049060434,0.8546152704129371,2.156361335619346,3.644976991078828,-1.0739466,0.19571838,0.047325432,4.965338653394756,1.4958461869020225,0.2814387128017337,0.6501691,0.8586456,0.046931207,0.6884923035137414,3.014600650425996,3.801164052824543,0.49092668,0.52485436,0.89244354
3.7,2025-07-23 15:07:11.700120,6.207824493786242,0.26440790221135557,4.318926126000334,0.3309554,-0.2548061,0.619915,0.30510237531656753,0.08832092137249208,2.3353992986704113,-0.28386992,0.7665292,-0.27490366,5.780424049351649,5.527372150700645,2.142283970695082,0.60445255,-0.1850686,0.8331359,3.0927677099290913,4.113569755880348,3.1362446271872857,0.18854275,-1.1678739,-0.90023786,2.5465976450991588,2.3806131702986186,1.6073917520960173,0.048451394,2.0022197,0.6437771,1.4386777641749753,0.4280158389066336,5.49153882084355,0.6513713,-0.569603,-1.4136466,6.012170799607558,5.0861586596981425,1.6564825658343385,0.38004053,-0.6699324,-0.41781482,0.8546152704129371,2.156361335619346,3.644976991078828,-0.8985373,-0.25246552,-0.48537698,4.965338653394756,1.4958461869020225,0.2814387128017337,0.8754871,0.8237604,0.128506,0.6884923035137414,3.014600650425996,3.801164052824543,0.7926581,0.5009409,0.48472726
3.8000000000000003,2025-07-23 15:07:14.279717,6.207824493786242,0.26440790221135557,4.318926126000334,0.38556197,-0.36282846,0.31478465,0.30510237531656753,0.08832092137249208,2.3353992986704113,-0.23067401,1.3903139,-0.016053468,5.780424049351649,5.527372150700645,2.142283970695082,0.6848598,-0.26742166,1.2824498,3.0927677099290913,4.113569755880348,3.1362446271872857,-0.15638292,-0.85305077,-1.1066811,2.5465976450991588,2.3806131702986186,1.6073917520960173,0.06308268,1.9396365,0.4412931,1.4386777641749753,0.4280158389066336,5.49153882084355,0.48233187,-0.16074386,-1.8361423,6.012170799607558,5.0861586596981425,1.6564825658343385,0.52762574,-0.18820032,0.033124894,0.8546152704129371,2.156361335619346,3.644976991078828,-0.9891411,-0.11024743,-0.07639669,4.965338653394756,1.4958461869020225,0.2814387128017337,1.0256844,0.82836384,-0.081864595,0.6884923035137414,3.014600650425996,3.801164052824543,0.75870156,0.39799964,0.33448523
3.9000000000000004,2025-07-23 15:07:16.755591,6.207824493786242,0.26440790221135557,4.318926126000334,0.3068029,-0.17799354,0.19179547,0.30510237531656753,0.08832092137249208,2.3353992986704113,-0.24849929,1.3836219,-0.11059947,5.780424049351649,5.527372150700645,2.142283970695082,0.47812873,-0.1845777,0.626094,3.0927677099290913,4.113569755880348,3.1362446271872857,0.2952547,-0.9854734,-1.200479,2.5465976450991588,2.3806131702986186,1.6073917520960173,-0.06770498,1.6779791,0.061468184,1.4386777641749753,0.4280158389066336,5.49153882084355,0.33616635,-0.13460818,-1.4685694,6.012170799607558,5.0861586596981425,1.6564825658343385,0.24429509,-0.4011191,0.44098142,0.8546152704129371,2.156361335619346,3.644976991078828,-0.6326144,-0.2783722,-0.44100976,4.965338653394756,1.4958461869020225,0.2814387128017337,0.9686256,0.39711845,-0.08132911,0.6884923035137414,3.014600650425996,3.801164052824543,0.44208744,0.5113505,0.43976802
4.0,2025-07-23 15:07:17.461603,6.207824493786242,0.26440790221135557,4.318926126000334,0.31044525,-0.0272232,0.31770438,0.30510237531656753,0.08832092137249208,2.3353992986704113,-0.5157527,1.377642,-0.028063893,5.780424049351649,5.527372150700645,2.142283970695082,0.5795607,-0.37841216,0.496493,3.0927677099290913,4.113569755880348,3.1362446271872857,0.10153232,-0.9720017,-0.95374835,2.5465976450991588,2.3806131702986186,1.6073917520960173,-0.19254531,1.7178724,-0.117865175,1.4386777641749753,0.4280158389066336,5.49153882084355,0.46980077,0.05033773,-1.3650506,6.012170799607558,5.0861586596981425,1.6564825658343385,0.28408122,-0.34320113,0.9162281,0.8546152704129371,2.156361335619346,3.644976991078828,-0.40013143,-0.35688782,-0.3225515,4.965338653394756,1.4958461869020225,0.2814387128017337,1.1895504,0.1258544,0.32353064,0.6884923035137414,3.014600650425996,3.801164052824543,0.43741181,0.29889685,0.6108185
4.1000000000000005,2025-07-23 15:07:18.155698,6.207824493786242,0.26440790221135557,4.318926126000334,0.21766305,-0.10572234,0.18267503,0.30510237531656753,0.08832092137249208,2.3353992986704113,-0.16824536,1.3294661,0.05286926,5.780424049351649,5.527372150700645,2.142283970695082,0.42985994,0.15746105,0.65642226,3.0927677099290913,4.113569755880348,3.1362446271872857,0.017202757,-0.51750195,-1.2915487,2.5465976450991588,2.3806131702986186,1.6073917520960173,-0.23896956,1.5559932,0.10786085,1.4386777641749753,0.4280158389066336,5.49153882084355,0.9160437,0.2662496,-1.1977105,6.012170799607558,5.0861586596981425,1.6564825658343385,0.8630893,-0.14213726,1.0110989,0.8546152704129371,2.156361335619346,3.644976991078828,-0.527552,-0.31752878,-0.3836382,4.965338653394756,1.4958461869020225,0.2814387128017337,0.767529,0.110562086,0.30440056,0.6884923035137414,3.014600650425996,3.801164052824543,0.32737923,0.40882456,0.66690725
4.2,2025-07-23 15:07:18.792986,6.207824493786242,0.26440790221135557,4.318926126000334,0.006648451,-0.23819447,0.22191024,0.30510237531656753,0.08832092137249208,2.3353992986704113,-0.35305297,1.1423535,-0.36706012,5.780424049351649,5.527372150700645,2.142283970695082,0.40678582,-0.059371173,0.68162996,3.0927677099290913,4.113569755880348,3.1362446271872857,-0.006464042,-0.5145822,-0.84638953,2.5465976450991588,2.3806131702986186,1.6073917520960173,0.3326061,1.4880073,0.043688774,1.4386777641749753,0.4280158389066336,5.49153882084355,0.2926495,-0.14471205,-0.9929386,6.012170799607558,5.0861586596981425,1.6564825658343385,0.63750845,-0.30043826,0.792076,0.8546152704129371,2.156361335619346,3.644976991078828,-0.4365065,-0.45078996,-0.2618242,4.965338653394756,1.4958461869020225,0.2814387128017337,0.70350766,0.105239466,0.4185611,0.6884923035137414,3.014600650425996,3.801164052824543,0.5118804,0.2833175,0.8267861
4.3,2025-07-23 15:07:24.515268,6.207824493786242,0.26440790221135557,4.318926126000334,-0.3127825,-0.26430586,0.3202794,0.30510237531656753,0.08832092137249208,2.3353992986704113,-0.96772003,1.1799442,-0.32419485,5.780424049351649,5.527372150700645,2.142283970695082,0.27625313,0.24254775,0.96498,3.0927677099290913,4.113569755880348,3.1362446271872857,-0.34849697,0.156962,-0.44403368,2.5465976450991588,2.3806131702986186,1.6073917520960173,0.45476007,1.415993,-0.36323637,1.4386777641749753,0.4280158389066336,5.49153882084355,0.6402068,-0.30033112,-0.54114866,6.012170799607558,5.0861586596981425,1.6564825658343385,0.5334079,-0.45367944,0.6200208,0.8546152704129371,2.156361335619346,3.644976991078828,-0.5121446,-0.5160504,-0.5067109,4.965338653394756,1.4958461869020225,0.2814387128017337,0.38594466,-0.04557801,0.42850244,0.6884923035137414,3.014600650425996,3.801164052824543,0.3047859,0.0265145,0.6752232
4.4,2025-07-23 15:07:25.189555,6.207824493786242,0.26440790221135557,4.318926126000334,-0.2501349,-0.3123652,0.3115905,0.30510237531656753,0.08832092137249208,2.3353992986704113,-0.8228653,1.3361549,-0.24620245,5.780424049351649,5.527372150700645,2.142283970695082,0.35744557,0.47590926,0.8508805,3.0927677099290913,4.113569755880348,3.1362446271872857,-0.38554043,-0.6110934,-0.41244388,2.5465976450991588,2.3806131702986186,1.6073917520960173,-0.16855219,1.2292202,-0.3110665,1.4386777641749753,0.4280158389066336,5.49153882084355,0.5604191,-1.0448712,-0.44785157,6.012170799607558,5.0861586596981425,1.6564825658343385,0.16778484,-0.3761614,0.38742334,0.8546152704129371,2.156361335619346,3.644976991078828,-0.4807367,-0.35583907,-0.26569074,4.965338653394756,1.4958461869020225,0.2814387128017337,0.38336372,-0.19135532,0.54663384,0.6884923035137414,3.014600650425996,3.801164052824543,0.09193444,-0.1739589,0.3208567
4.5,2025-07-23 15:07:28.475640,6.207824493786242,0.26440790221135557,4.318926126000334,0.041643113,-0.40470228,0.14935395,0.30510237531656753,0.08832092137249208,2.3353992986704113,-1.1005213,1.3383279,-0.5309392,5.780424049351649,5.527372150700645,2.142283970695082,0.067352414,0.35896757,0.6626558,3.0927677099290913,4.113569755880348,3.1362446271872857,-0.16750982,-0.34924406,-0.54831326,2.5465976450991588,2.3806131702986186,1.6073917520960173,0.15747173,1.1761782,-0.2944452,1.4386777641749753,0.4280158389066336,5.49153882084355,0.51590514,-1.0031358,-0.57637554,6.012170799607558,5.0861586596981425,1.6564825658343385,0.021962047,-0.2845705,1.0024178,0.8546152704129371,2.156361335619346,3.644976991078828,-0.62657166,-0.039361745,-0.18892543,4.965338653394756,1.4958461869020225,0.2814387128017337,0.8747081,0.020565882,0.57579124,0.6884923035137414,3.014600650425996,3.801164052824543,0.0078115463,-1.1029537,-0.39682806
4.6000000000000005,2025-07-23 15:07:29.172974,6.207824493786242,0.26440790221135557,4.318926126000334,-0.09934579,-0.24643958,0.0769892,0.30510237531656753,0.08832092137249208,2.3353992986704113,-1.2389696,1.2965736,-0.15569937,5.780424049351649,5.527372150700645,2.142283970695082,0.4081161,0.072457336,1.0707273,3.0927677099290913,4.113569755880348,3.1362446271872857,-1.0462377,-0.14804304,-0.75823975,2.5465976450991588,2.3806131702986186,1.6073917520960173,0.1426536,0.65552276,-0.40196526,1.4386777641749753,0.4280158389066336,5.49153882084355,0.5633311,-1.1717664,-0.5816186,6.012170799607558,5.0861586596981425,1.6564825658343385,0.25042355,-0.2948826,0.85601234,0.8546152704129371,2.156361335619346,3.644976991078828,-0.5174093,0.27679867,-0.63241714,4.965338653394756,1.4958461869020225,0.2814387128017337,0.95047295,-0.9714878,0.7023628,0.6884923035137414,3.014600650425996,3.801164052824543,0.62369555,-1.0383611,0.7130681
4.7,2025-07-23 15:07:29.864363,6.207824493786242,0.26440790221135557,4.318926126000334,-0.20308071,-0.00545153,0.1960113,0.30510237531656753,0.08832092137249208,2.3353992986704113,-1.1906257,1.3414115,-0.08720575,5.780424049351649,5.527372150700645,2.142283970695082,0.7710958,-0.34818327,0.8675523,3.0927677099290913,4.113569755880348,3.1362446271872857,-0.9786015,-0.5074667,-0.68060446,2.5465976450991588,2.3806131702986186,1.6073917520960173,0.3433263,0.855818,-0.22493945,1.4386777641749753,0.4280158389066336,5.49153882084355,0.7062057,-1.1637435,-0.5002928,6.012170799607558,5.0861586596981425,1.6564825658343385,0.47796598,0.15185569,0.9925926,0.8546152704129371,2.156361335619346,3.644976991078828,-0.5410563,-0.1714359,-0.24222785,4.965338653394756,1.4958461869020225,0.2814387128017337,0.264666,-0.591812,0.7394401,0.6884923035137414,3.014600650425996,3.801164052824543,0.4141421,-0.3103208,0.7891035
4.800000000000001,2025-07-23 15:07:30.482898,6.207824493786242,0.26440790221135557,4.318926126000334,-0.31052125,-0.042129293,0.25632024,0.30510237531656753,0.08832092137249208,2.3353992986704113,-1.1258442,1.3060322,0.15726951,5.780424049351649,5.527372150700645,2.142283970695082,0.6884471,0.36019674,1.3811891,3.0927677099290913,4.113569755880348,3.1362446271872857,-1.1565784,-0.18811923,-1.0625547,2.5465976450991588,2.3806131702986186,1.6073917520960173,0.48094788,1.1634206,-0.07737398,1.4386777641749753,0.4280158389066336,5.49153882084355,0.30589432,-0.84962887,-0.61590505,6.012170799607558,5.0861586596981425,1.6564825658343385,0.4098945,0.0067363977,0.70785844,0.8546152704129371,2.156361335619346,3.644976991078828,0.05416429,-0.22233571,0.3411574,4.965338653394756,1.4958461869020225,0.2814387128017337,-0.18094423,-0.43143338,0.7994512,0.6884923035137414,3.014600650425996,3.801164052824543,0.64949536,0.017916828,0.35730574
4.9,2025-07-23 15:07:33.074422,6.207824493786242,0.26440790221135557,4.318926126000334,-0.34590974,-0.09422217,0.19648696,0.30510237531656753,0.08832092137249208,2.3353992986704113,-1.478043,0.86555517,-0.17535679,5.780424049351649,5.527372150700645,2.142283970695082,0.86813724,-0.08339829,1.0503081,3.0927677099290913,4.113569755880348,3.1362446271872857,-1.3146106,0.012401015,-0.6035794,2.5465976450991588,2.3806131702986186,1.6073917520960173,0.45233363,0.9350143,0.03748089,1.4386777641749753,0.4280158389066336,5.49153882084355,0.40304926,-0.7092322,-0.9623486,6.012170799607558,5.0861586596981425,1.6564825658343385,0.46073902,0.20273921,0.91252184,0.8546152704129371,2.156361335619346,3.644976991078828,0.38087443,-0.50800693,0.30910346,4.965338653394756,1.4958461869020225,0.2814387128017337,-0.32355997,-0.43190986,0.8296546,0.6884923035137414,3.014600650425996,3.801164052824543,0.25274158,0.27608687,1.3937869
